---
phase: 07-route-cleanup
plan: 01
subsystem: api
tags: [routes, refactoring, kebab-case]

requires:
  - phase: 06-community-endpoints
    provides: New endpoints already use clean routes pattern

provides:
  - All routes use clean paths without /local-api/ prefix
  - All routes use kebab-case naming convention
  - /labs/ prefix renamed to /custom/ for custom endpoints

affects: [documentation, frontend]

tech-stack:
  added: []
  patterns:
    - Clean route paths (no prefix)
    - Kebab-case for multi-word routes

key-files:
  created: []
  modified:
    - src/endpoints/generic/*.ts
    - src/extensions/*.ts
    - src/server.ts

key-decisions:
  - "Renamed /labs/ to /custom/ for custom endpoints"
  - "Template file updated for consistency"

patterns-established:
  - "Routes use kebab-case: /wallet-tracker not /wallet_tracker"
  - "No /local-api/ prefix on any routes"

issues-created: []

duration: 4min
completed: 2026-01-13

debugging:
  sessions: 0
  time-spent: 0min
  patterns: []
---

# Phase 7 Plan 01: Migrate Routes Summary

**Migrated all 20+ routes from /local-api/* to clean kebab-case paths, renamed /labs/ to /custom/**

## Performance

- **Duration:** 4 min
- **Started:** 2026-01-13T20:46:16Z
- **Completed:** 2026-01-13T20:49:49Z
- **Tasks:** 3
- **Files modified:** 19

## Accomplishments
- Removed `/local-api/` prefix from all endpoint routes
- Converted snake_case routes to kebab-case
- Renamed `/labs/` prefix to `/custom/` for custom endpoints
- Updated server startup banner with clean routes

## Task Commits

Each task was committed atomically:

1. **Task 1: Migrate generic endpoint routes** - `8f0b2ef` (refactor)
2. **Task 2: Migrate extension routes** - `f6936a0` (refactor)
3. **Task 3: Update server.ts startup banner** - `c3914c7` (docs)

## Files Created/Modified
- `src/endpoints/generic/*.ts` (16 files) - Route path updates
- `src/extensions/registry.ts` - Extension registry route update
- `src/extensions/catalog/search_token_details.ts` - Extension path metadata
- `src/server.ts` - Startup banner route documentation

## Decisions Made
- Renamed `/labs/` to `/custom/` - clearer naming for custom endpoints
- Updated template file for consistency even though not in plan

## Deviations from Plan

### Auto-fixed Issues

**1. [Rule 1 - Bug] Updated template file route**
- **Found during:** Task 1 verification
- **Issue:** Template file still had `/local-api/` prefix, would fail verification
- **Fix:** Updated template route from `/local-api/template` to `/template`
- **Files modified:** src/endpoints/_template.ts
- **Verification:** grep returns no matches for /local-api/ in src/
- **Committed in:** 8f0b2ef (part of Task 1 commit)

---

**Total deviations:** 1 auto-fixed (bug)
**Impact on plan:** Minor - template file needed updating for consistency

## Issues Encountered
None - straightforward search/replace operation

## Debugging Sessions
None - all verifications passed on first attempt

## Quality Gate

**Verdict:** PASS

**Checks:**
- [x] Implementation matches plan intent
- [x] All claims substantiated by commits
- [x] Evidence trail complete (per-task commits)
- [x] No unverified confident assertions

**Notes:** Clean execution, all routes migrated and verified

## Next Phase Readiness
- Ready for 07-02-PLAN.md (documentation updates)
- Routes are live on new paths

---
*Phase: 07-route-cleanup*
*Completed: 2026-01-13*
